,USERNAME,EMAIL,PASSWORD,NAME,AGE,PHONE,CITY
0,,,,,,,
1,user_01_abc,user_01@gmail.com,user_01@9876!,user_01,49,4810813417,Varanasi
2,user_02_abc,user_02@gmail.com,user_02@9876!,user_02,36,312701126,Bhopal
3,user_03_abc,user_03@gmail.com,user_03@9876!,user_03,39,4452045781,Palakkad
4,user_04_abc,user_04@gmail.com,user_04@9876!,user_04,24,3808435222,Siliguri
5,user_05_abc,user_05@gmail.com,user_05@9876!,user_05,52,8544178840,Chandigarh
6,user_06_abc,user_06@gmail.com,user_06@9876!,user_06,42,654508598,Srinagar
7,user_07_abc,user_07@gmail.com,user_07@9876!,user_07,25,235199263,Nashik
8,user_08_abc,user_08@gmail.com,user_08@9876!,user_08,47,1347298943,Guwahati
9,user_09_abc,user_09@gmail.com,user_09@9876!,user_09,29,1632970779,Jaipur
10,user_010_abc,user_010@gmail.com,user_010@9876!,user_010,31,4470656792,Udaipur
11,user_011_abc,user_011@gmail.com,user_011@9876!,user_011,58,8358204061,Raipur
12,user_012_abc,user_012@gmail.com,user_012@9876!,user_012,37,6159409523,Aurangabad
13,user_013_abc,user_013@gmail.com,user_013@9876!,user_013,19,4421066996,Varanasi
14,user_014_abc,user_014@gmail.com,user_014@9876!,user_014,51,9165277655,Jabalpur
15,user_015_abc,user_015@gmail.com,user_015@9876!,user_015,42,188313145,Vijayawada
16,user_016_abc,user_016@gmail.com,user_016@9876!,user_016,38,8893379566,Shimla
17,user_017_abc,user_017@gmail.com,user_017@9876!,user_017,45,5038266831,Gorakhpur
18,user_018_abc,user_018@gmail.com,user_018@9876!,user_018,54,2243075684,Dharamshala
19,user_019_abc,user_019@gmail.com,user_019@9876!,user_019,47,6396399499,Agra
20,user_020_abc,user_020@gmail.com,user_020@9876!,user_020,32,6345847745,Gorakhpur
21,user_021_abc,user_021@gmail.com,user_021@9876!,user_021,19,2804484173,Gwalior
22,user_022_abc,user_022@gmail.com,user_022@9876!,user_022,22,9419642970,Ooty
23,user_023_abc,user_023@gmail.com,user_023@9876!,user_023,51,3873235392,Bhubaneswar
24,user_024_abc,user_024@gmail.com,user_024@9876!,user_024,55,3027995433,Thrissur
25,user_025_abc,user_025@gmail.com,user_025@9876!,user_025,33,5569222828,Jammu
26,user_026_abc,user_026@gmail.com,user_026@9876!,user_026,19,5002335223,Jabalpur
27,user_027_abc,user_027@gmail.com,user_027@9876!,user_027,35,8923257043,Trichy
28,user_028_abc,user_028@gmail.com,user_028@9876!,user_028,44,5413223517,Manali
29,user_029_abc,user_029@gmail.com,user_029@9876!,user_029,33,9190215954,Hyderabad
30,user_030_abc,user_030@gmail.com,user_030@9876!,user_030,42,105853657,Bhopal
31,user_031_abc,user_031@gmail.com,user_031@9876!,user_031,19,8704412130,Ludhiana
32,user_032_abc,user_032@gmail.com,user_032@9876!,user_032,60,2581481113,Kolkata
33,user_033_abc,user_033@gmail.com,user_033@9876!,user_033,44,3230661455,Varanasi
34,user_034_abc,user_034@gmail.com,user_034@9876!,user_034,50,1073003054,Rajkot
35,user_035_abc,user_035@gmail.com,user_035@9876!,user_035,48,8671409166,Lucknow
36,user_036_abc,user_036@gmail.com,user_036@9876!,user_036,28,2616582516,Salem
37,user_037_abc,user_037@gmail.com,user_037@9876!,user_037,30,4117581306,Bengaluru
38,user_038_abc,user_038@gmail.com,user_038@9876!,user_038,44,4568439986,Manipal
39,user_039_abc,user_039@gmail.com,user_039@9876!,user_039,35,6722828055,Rajkot
40,user_040_abc,user_040@gmail.com,user_040@9876!,user_040,40,8126328080,Jalandhar
41,user_041_abc,user_041@gmail.com,user_041@9876!,user_041,48,5183920962,Udaipur
42,user_042_abc,user_042@gmail.com,user_042@9876!,user_042,35,4213541079,Aurangabad
43,user_043_abc,user_043@gmail.com,user_043@9876!,user_043,42,6162557609,Jodhpur
44,user_044_abc,user_044@gmail.com,user_044@9876!,user_044,18,9161256403,Dharamshala
45,user_045_abc,user_045@gmail.com,user_045@9876!,user_045,36,8908776662,Neemrana
46,user_046_abc,user_046@gmail.com,user_046@9876!,user_046,58,9278828288,Puducherry
47,user_047_abc,user_047@gmail.com,user_047@9876!,user_047,45,9598243284,Jammu
48,user_048_abc,user_048@gmail.com,user_048@9876!,user_048,24,1449239006,Dharamshala
49,user_049_abc,user_049@gmail.com,user_049@9876!,user_049,40,3869776228,Nashik
50,user_050_abc,user_050@gmail.com,user_050@9876!,user_050,29,5142705621,Gwalior
51,user_051_abc,user_051@gmail.com,user_051@9876!,user_051,33,6875109322,Shimla
52,user_052_abc,user_052@gmail.com,user_052@9876!,user_052,59,6368724989,Guntur
53,user_053_abc,user_053@gmail.com,user_053@9876!,user_053,45,8046350835,Gwalior
54,user_054_abc,user_054@gmail.com,user_054@9876!,user_054,50,9608480304,Nainital
55,user_055_abc,user_055@gmail.com,user_055@9876!,user_055,49,9763945352,Cuttack
56,user_056_abc,user_056@gmail.com,user_056@9876!,user_056,54,2119467006,Jamnagar
57,user_057_abc,user_057@gmail.com,user_057@9876!,user_057,33,9413936900,Jammu
58,user_058_abc,user_058@gmail.com,user_058@9876!,user_058,60,6732071567,Kolhapur
59,user_059_abc,user_059@gmail.com,user_059@9876!,user_059,26,7986904996,Surat
60,user_060_abc,user_060@gmail.com,user_060@9876!,user_060,46,7719929030,Gangtok
61,user_061_abc,user_061@gmail.com,user_061@9876!,user_061,53,3590940248,Manali
62,user_062_abc,user_062@gmail.com,user_062@9876!,user_062,52,886683225,Ranchi
63,user_063_abc,user_063@gmail.com,user_063@9876!,user_063,19,7384842726,Cuttack
64,user_064_abc,user_064@gmail.com,user_064@9876!,user_064,20,8791108435,Dharamshala
65,user_065_abc,user_065@gmail.com,user_065@9876!,user_065,27,1459497376,Salem
66,user_066_abc,user_066@gmail.com,user_066@9876!,user_066,42,614438656,Indore
67,user_067_abc,user_067@gmail.com,user_067@9876!,user_067,59,4896955985,Dehradun
68,user_068_abc,user_068@gmail.com,user_068@9876!,user_068,39,7598498223,Rajkot
69,user_069_abc,user_069@gmail.com,user_069@9876!,user_069,47,5708726636,Agra
70,user_070_abc,user_070@gmail.com,user_070@9876!,user_070,44,5381325712,Aurangabad
71,user_071_abc,user_071@gmail.com,user_071@9876!,user_071,59,6441444112,Indore
72,user_072_abc,user_072@gmail.com,user_072@9876!,user_072,55,9443934488,Trivandrum
73,user_073_abc,user_073@gmail.com,user_073@9876!,user_073,24,6178353300,Lucknow
74,user_074_abc,user_074@gmail.com,user_074@9876!,user_074,59,4826174026,Haridwar
75,user_075_abc,user_075@gmail.com,user_075@9876!,user_075,50,1728000563,Patiala
76,user_076_abc,user_076@gmail.com,user_076@9876!,user_076,24,1449362073,Thrissur
77,user_077_abc,user_077@gmail.com,user_077@9876!,user_077,46,7483298278,Darjeeling
78,user_078_abc,user_078@gmail.com,user_078@9876!,user_078,45,2634901654,Kanpur
79,user_079_abc,user_079@gmail.com,user_079@9876!,user_079,30,5788841869,Neemrana
80,user_080_abc,user_080@gmail.com,user_080@9876!,user_080,28,3183793045,Puducherry
81,user_081_abc,user_081@gmail.com,user_081@9876!,user_081,28,7178389974,Junagadh
82,user_082_abc,user_082@gmail.com,user_082@9876!,user_082,38,3783720049,Alappuzha
83,user_083_abc,user_083@gmail.com,user_083@9876!,user_083,29,7507265200,Puducherry
84,user_084_abc,user_084@gmail.com,user_084@9876!,user_084,60,8145051492,Gwalior
85,user_085_abc,user_085@gmail.com,user_085@9876!,user_085,30,9222537769,Rishikesh
86,user_086_abc,user_086@gmail.com,user_086@9876!,user_086,44,8353356336,Pune
87,user_087_abc,user_087@gmail.com,user_087@9876!,user_087,51,4596933376,Jammu
88,user_088_abc,user_088@gmail.com,user_088@9876!,user_088,33,7873415053,Guntur
89,user_089_abc,user_089@gmail.com,user_089@9876!,user_089,33,7745790114,Palakkad
90,user_090_abc,user_090@gmail.com,user_090@9876!,user_090,43,8745527364,Trivandrum
91,user_091_abc,user_091@gmail.com,user_091@9876!,user_091,51,8378965138,Shimla
92,user_092_abc,user_092@gmail.com,user_092@9876!,user_092,25,2068716719,Vadodara
93,user_093_abc,user_093@gmail.com,user_093@9876!,user_093,25,9619569013,Kochi
94,user_094_abc,user_094@gmail.com,user_094@9876!,user_094,38,4563966979,Neemrana
95,user_095_abc,user_095@gmail.com,user_095@9876!,user_095,54,1821346246,Allahabad
96,user_096_abc,user_096@gmail.com,user_096@9876!,user_096,58,5145738348,Mysore
97,user_097_abc,user_097@gmail.com,user_097@9876!,user_097,26,5457773388,Patiala
98,user_098_abc,user_098@gmail.com,user_098@9876!,user_098,55,7177137762,Madurai
99,user_099_abc,user_099@gmail.com,user_099@9876!,user_099,26,4747051575,Trivandrum
100,user_0100_abc,user_0100@gmail.com,user_0100@9876!,user_0100,20,6744982123,Alappuzha
101,user_0101_abc,user_0101@gmail.com,user_0101@9876!,user_0101,33,4844021491,Ooty
102,user_0102_abc,user_0102@gmail.com,user_0102@9876!,user_0102,46,1431573636,Varanasi
103,user_0103_abc,user_0103@gmail.com,user_0103@9876!,user_0103,26,2784887342,Manali
104,user_0104_abc,user_0104@gmail.com,user_0104@9876!,user_0104,32,566275912,Madurai
105,user_0105_abc,user_0105@gmail.com,user_0105@9876!,user_0105,19,9528686917,Kota
106,user_0106_abc,user_0106@gmail.com,user_0106@9876!,user_0106,37,974718836,Guwahati
107,user_0107_abc,user_0107@gmail.com,user_0107@9876!,user_0107,26,9657178721,Shimla
108,user_0108_abc,user_0108@gmail.com,user_0108@9876!,user_0108,43,7671409274,Alappuzha
109,user_0109_abc,user_0109@gmail.com,user_0109@9876!,user_0109,36,9439085912,Vadodara
110,user_0110_abc,user_0110@gmail.com,user_0110@9876!,user_0110,36,6417485923,Ajmer
111,user_0111_abc,user_0111@gmail.com,user_0111@9876!,user_0111,23,7221785017,Kolkata
112,user_0112_abc,user_0112@gmail.com,user_0112@9876!,user_0112,42,8313344467,Guntur
113,user_0113_abc,user_0113@gmail.com,user_0113@9876!,user_0113,47,7812620907,Thrissur
114,user_0114_abc,user_0114@gmail.com,user_0114@9876!,user_0114,60,2043828428,Darjeeling
115,user_0115_abc,user_0115@gmail.com,user_0115@9876!,user_0115,25,2168377649,Jaipur
116,user_0116_abc,user_0116@gmail.com,user_0116@9876!,user_0116,34,3279526701,Jhansi
117,user_0117_abc,user_0117@gmail.com,user_0117@9876!,user_0117,21,9253112269,Jaipur
118,user_0118_abc,user_0118@gmail.com,user_0118@9876!,user_0118,23,3122433712,Goa
119,user_0119_abc,user_0119@gmail.com,user_0119@9876!,user_0119,24,6725087762,Aurangabad
120,user_0120_abc,user_0120@gmail.com,user_0120@9876!,user_0120,46,8096930423,Chandigarh
121,user_0121_abc,user_0121@gmail.com,user_0121@9876!,user_0121,42,7708341288,Surat
122,user_0122_abc,user_0122@gmail.com,user_0122@9876!,user_0122,30,6823169137,Rishikesh
123,user_0123_abc,user_0123@gmail.com,user_0123@9876!,user_0123,49,3168809506,Junagadh
124,user_0124_abc,user_0124@gmail.com,user_0124@9876!,user_0124,47,4069170485,Darjeeling
125,user_0125_abc,user_0125@gmail.com,user_0125@9876!,user_0125,51,9617596890,Allahabad
126,user_0126_abc,user_0126@gmail.com,user_0126@9876!,user_0126,20,1782126083,Gwalior
127,user_0127_abc,user_0127@gmail.com,user_0127@9876!,user_0127,31,9552612121,Jammu
128,user_0128_abc,user_0128@gmail.com,user_0128@9876!,user_0128,39,1972255065,Varanasi
129,user_0129_abc,user_0129@gmail.com,user_0129@9876!,user_0129,25,1912762839,Surat
130,user_0130_abc,user_0130@gmail.com,user_0130@9876!,user_0130,32,8394643187,Kharagpur
131,user_0131_abc,user_0131@gmail.com,user_0131@9876!,user_0131,39,4142830670,Goa
132,user_0132_abc,user_0132@gmail.com,user_0132@9876!,user_0132,33,738371169,Chandigarh
133,user_0133_abc,user_0133@gmail.com,user_0133@9876!,user_0133,31,7875450940,Goa
134,user_0134_abc,user_0134@gmail.com,user_0134@9876!,user_0134,37,3554549706,Cuttack
135,user_0135_abc,user_0135@gmail.com,user_0135@9876!,user_0135,24,5139529745,Manali
136,user_0136_abc,user_0136@gmail.com,user_0136@9876!,user_0136,37,1421971891,Hyderabad
137,user_0137_abc,user_0137@gmail.com,user_0137@9876!,user_0137,22,3981747608,Manipal
138,user_0138_abc,user_0138@gmail.com,user_0138@9876!,user_0138,49,1106853411,Ooty
139,user_0139_abc,user_0139@gmail.com,user_0139@9876!,user_0139,33,3250436630,Cuttack
140,user_0140_abc,user_0140@gmail.com,user_0140@9876!,user_0140,56,9529160736,Amravati
141,user_0141_abc,user_0141@gmail.com,user_0141@9876!,user_0141,25,1646818384,Mysore
142,user_0142_abc,user_0142@gmail.com,user_0142@9876!,user_0142,54,8126251121,Nashik
143,user_0143_abc,user_0143@gmail.com,user_0143@9876!,user_0143,42,4278893438,Vadodara
144,user_0144_abc,user_0144@gmail.com,user_0144@9876!,user_0144,44,8732234919,Cuttack
145,user_0145_abc,user_0145@gmail.com,user_0145@9876!,user_0145,53,435463925,Trivandrum
146,user_0146_abc,user_0146@gmail.com,user_0146@9876!,user_0146,55,2442963423,Jodhpur
147,user_0147_abc,user_0147@gmail.com,user_0147@9876!,user_0147,24,3588304004,Jhansi
148,user_0148_abc,user_0148@gmail.com,user_0148@9876!,user_0148,59,2093028284,Kanpur
149,user_0149_abc,user_0149@gmail.com,user_0149@9876!,user_0149,21,5714917800,Guwahati
150,user_0150_abc,user_0150@gmail.com,user_0150@9876!,user_0150,29,6376625255,Bhopal
